Date,Open,High,Low,Close,Adj Close,Volume
2015-04-06,28860,29800,28700,29400,285.111786,10582600
2015-04-07,29560,29700,29240,29240,283.56015,9526050
2015-04-08,29400,29700,29200,29580,286.857361,7773400
2015-04-09,29400,29780,29400,29660,287.633209,9107550
2015-04-10,29600,29880,29560,29800,288.990875,9960100
2015-04-13,29580,29820,29360,29580,286.857361,10293300
2015-04-14,29700,29700,29300,29480,285.887604,9429750
2015-04-15,29200,29400,28540,28920,280.45697,13551050
2015-04-16,29240,29540,28940,29540,286.469482,10762350
2015-04-17,29540,29560,28940,29000,281.232727,10172300
2015-04-20,28920,28960,28460,28600,277.353668,12394900
2015-04-21,28420,28900,28400,28880,280.069031,11852650
2015-04-22,28880,29460,28720,29220,283.366241,12655550
2015-04-23,29400,29400,28800,29020,281.426697,9245150
2015-04-24,28980,29100,28000,28200,273.474609,19089900
2015-04-27,28200,28220,27500,27900,270.565308,16517150
2015-04-28,27800,28000,27180,27320,264.940643,15697300
2015-04-29,27340,27880,27280,27700,268.625732,10895650
2015-04-30,27700,28360,27580,28200,273.474609,18352850
2015-05-04,28140,28460,27940,28000,271.535034,8283700
2015-05-06,27800,27820,27120,27240,264.164825,13270500
2015-05-07,27240,27500,27080,27400,265.716461,10257400
2015-05-08,27320,27400,26760,26760,259.509918,9488100
2015-05-11,27200,27200,26720,26720,259.12204,9640450
2015-05-12,26900,27060,26480,26620,258.152252,10633200
2015-05-13,26980,26980,26520,26660,258.540161,9877250
2015-05-14,26820,26860,26560,26800,259.897827,8488500
2015-05-15,27100,27120,26420,26520,257.182495,8922350
2015-05-18,26700,26700,26180,26400,256.018768,9626850
2015-05-19,26420,27100,26140,26760,259.509918,8680900
2015-05-20,26980,27400,26820,27320,264.940643,10291450
2015-05-21,27420,27440,26880,27040,262.225281,7210600
2015-05-22,27060,27060,26700,27000,261.837372,8195800
2015-05-26,27320,27380,26720,27240,264.164825,10034150
2015-05-27,27200,27320,26260,26280,254.855087,17265450
2015-05-28,26340,26420,26020,26180,253.8853,15048150
2015-05-29,26400,26420,25940,26140,253.497406,17380750
2015-06-01,26000,26020,25760,25820,250.394119,10921950
2015-06-02,26000,26060,25760,26060,252.721558,8757550
2015-06-03,26060,26320,25300,25460,246.902939,11769400
2015-06-04,26300,26820,26100,26740,259.31601,19411950
2015-06-05,26500,27100,26400,26820,260.091827,9828150
2015-06-08,26900,26940,26260,26280,254.855087,10118950
2015-06-09,26000,26200,25360,25640,248.64856,13735250
2015-06-10,25640,25880,25240,25240,244.769485,12501700
2015-06-11,25260,25480,25060,25140,243.799698,15314050
2015-06-12,25560,25740,25280,25540,247.678802,11741500
2015-06-15,25100,25480,25100,25400,246.321121,8067800
2015-06-16,25400,25480,24900,25100,243.411819,12767600
2015-06-17,25000,25320,24800,25080,243.217789,9452300
2015-06-18,25180,25580,25020,25300,245.351349,8247600
2015-06-19,25320,25560,25200,25320,245.545303,7094750
2015-06-22,25820,25920,25520,25620,248.454575,6370900
2015-06-23,26180,26560,25820,26420,256.212708,10159000
2015-06-24,26000,26220,25820,26040,252.527603,10198000
2015-06-25,25800,26060,25380,25380,246.127121,10695800
2015-06-26,25040,25800,25040,25560,247.872711,10347500
2015-06-29,25380,25700,25120,25620,258.570831,11519950
2015-06-30,25520,25700,25320,25360,255.946747,9870350
2015-07-01,25360,26040,25180,25900,261.396729,8324900
2015-07-02,25720,26080,25700,25980,262.204163,8223000
2015-07-03,25740,25880,25340,25360,255.946747,7130200
2015-07-06,25060,25200,24460,24600,248.276459,10099950
2015-07-07,24400,25180,24400,24800,250.294907,12478250
2015-07-08,24800,25020,24640,24780,250.093079,11780950
2015-07-09,24600,25300,24520,25300,255.341202,14030500
2015-07-10,25140,25320,24960,25180,254.130096,9573400
2015-07-13,25000,25440,24900,25320,255.543076,7672050
2015-07-14,25300,25400,24420,24500,247.267212,19989700
2015-07-15,24500,24760,24480,24700,249.28566,8370650
2015-07-16,24460,25740,24460,25640,258.772644,11173450
2015-07-17,26000,26220,25560,26100,263.415253,14861650
2015-07-20,25820,26080,25460,25500,257.359711,6446400
2015-07-21,25500,25540,24940,25260,254.9375,9702750
2015-07-22,24880,25200,24700,25060,252.919006,13416150
2015-07-23,24880,25060,24680,24680,249.083862,10448250
2015-07-24,24540,24760,24480,24580,248.0746,9829200
2015-07-27,24580,24940,24560,24600,248.276459,12152000
2015-07-28,24480,25020,24380,24600,248.276459,13381350
2015-07-29,25000,25500,24620,25260,254.9375,13734450
2015-07-30,25160,25200,24300,24300,245.248688,15419600
2015-07-31,24400,24440,23500,23700,239.193115,19579450
2015-08-03,23680,23680,23320,23500,237.174606,9844550
2015-08-04,23500,23740,23400,23640,238.58757,12844350
2015-08-05,23640,23640,23160,23180,233.945023,12802500
2015-08-06,23100,23120,22300,22300,225.063568,20199050
2015-08-07,22400,22740,22300,22720,229.302444,13787100
2015-08-10,22800,22840,22600,22820,230.311722,5722500
2015-08-11,23020,23580,22960,23140,233.541336,11664300
2015-08-12,23000,23280,22800,23080,232.935745,11154000
2015-08-13,23060,23060,22760,22800,230.109848,7520550
2015-08-14,22800,22800,22800,22800,230.109848,0
2015-08-17,22800,22820,22080,22080,222.843231,11360850
2015-08-18,22360,22820,22340,22620,228.293213,11583600
2015-08-19,23380,23520,22820,23080,232.935745,20070750
2015-08-20,23260,23420,22600,22780,229.90799,10805950
2015-08-21,21980,22560,21920,22020,222.237686,20442550
2015-08-24,21760,22300,20660,21580,217.796982,22429600
2015-08-25,21580,22140,21340,21580,217.796982,19625950
2015-08-26,21360,21480,21000,21340,215.374756,27947600
2015-08-27,21640,21720,21260,21340,215.374756,24769400
2015-08-28,21720,21720,21460,21620,218.200653,23111150
2015-08-31,21420,21780,21040,21780,219.815475,20415450
2015-09-01,21780,21960,21620,21700,219.008072,12018600
2015-09-02,21380,21900,21300,21800,220.017349,15634150
2015-09-03,22040,22500,21860,22440,226.476532,15200350
2015-09-04,22440,22880,22360,22580,227.889496,12570650
2015-09-07,22580,22580,22100,22240,224.458038,9590250
2015-09-08,22260,22720,22120,22620,228.293213,9116500
2015-09-09,22920,22940,22720,22940,231.522797,12968800
2015-09-10,22600,22780,22360,22680,228.898758,18128400
2015-09-11,22520,22660,22300,22300,225.063568,10208350
2015-09-14,22400,22480,22200,22480,226.880234,8353650
2015-09-15,22280,22560,22260,22460,226.678391,11647800
2015-09-16,22420,23140,22420,23040,232.532074,17188150
2015-09-17,23060,23140,22880,23140,233.541336,13698000
2015-09-18,22900,23840,22700,23800,240.202423,21813500
2015-09-21,23260,23460,23000,23000,232.128387,10267950
2015-09-22,22860,23000,22600,22900,231.119125,12533750
2015-09-23,22880,22880,22500,22620,228.293213,9882450
2015-09-24,22520,22700,22500,22520,227.283936,6636050
2015-09-25,22400,22500,22180,22240,224.458038,10458000
2015-09-30,22000,22680,21800,22680,228.898758,22946800
2015-10-01,22800,22900,22420,22680,228.898758,12052050
2015-10-02,22240,22660,22240,22380,225.871002,13715100
2015-10-05,22380,22620,22300,22300,225.063568,12096750
2015-10-06,22600,23100,22540,23020,232.330215,19149350
2015-10-07,23960,25040,23720,25020,252.515274,39975100
2015-10-08,25000,25580,25000,25400,256.350494,28533850
2015-10-12,25200,25260,24940,25200,254.33194,18948700
2015-10-13,25200,25440,24960,25040,252.717194,9900000
2015-10-14,24960,25200,24740,25080,253.120865,8752550
2015-10-15,24880,25640,24860,25380,256.148621,12425150
2015-10-16,25300,25380,25180,25300,255.341202,7198400
2015-10-19,25140,25300,24980,25120,253.524521,5853500
2015-10-20,25200,25460,25120,25320,255.543076,7517350
2015-10-21,25300,25640,25180,25400,256.350494,6978350
2015-10-22,25600,25900,25380,25600,258.368958,11533650
2015-10-23,26000,26000,25560,25780,260.185638,13153550
2015-10-26,25960,25960,25440,25840,260.791168,7608250
2015-10-27,25640,25980,25620,25960,262.002289,6612050
2015-10-28,25880,26160,25820,26160,264.020813,13565150
2015-10-29,26600,27840,26480,26500,267.452271,31523550
2015-10-30,26900,27800,26820,27440,276.939209,25469250
2015-11-02,27700,27860,27480,27660,279.159607,19327300
2015-11-03,27620,27620,27000,27040,272.902252,15092000
2015-11-04,27040,27220,26520,26600,268.461548,14053500
2015-11-05,26600,27080,26600,26840,270.883698,8652100
2015-11-06,26860,26960,26600,26760,270.076324,8216100
2015-11-09,26760,26880,26420,26880,271.287384,9283050
2015-11-10,26720,26820,26280,26420,266.644897,9877550
2015-11-11,26420,26900,26420,26660,269.067017,7022450
2015-11-12,26660,26680,26340,26340,265.837433,7870850
2015-11-13,26340,26340,26000,26000,262.406006,8883850
2015-11-16,25820,25820,25260,25260,254.9375,13785250
2015-11-17,25500,25800,25400,25400,256.350494,9309200
2015-11-18,25440,25800,25440,25620,258.570831,8386750
2015-11-19,25800,25800,25420,25780,260.185638,9642500
2015-11-20,25780,25920,25560,25700,259.378235,8436000
2015-11-23,25700,26040,25620,25640,258.772644,9941000
2015-11-24,25640,26100,25640,25980,262.204163,7978000
2015-11-25,26000,26200,25980,25980,262.204163,7131350
2015-11-26,25980,26800,25980,26700,269.470734,9290000
2015-11-27,26900,26980,26540,26540,267.855957,8492700
2015-11-30,26500,26500,25680,25680,259.176392,26700300
2015-12-01,25880,26440,25760,26420,266.644897,12605650
2015-12-02,26420,26440,25880,26000,262.406006,11481400
2015-12-03,25900,25940,25720,25800,260.387482,8334750
2015-12-04,25500,25600,25340,25380,256.148621,9635550
2015-12-07,25380,25500,25240,25240,254.735657,9805350
2015-12-08,25240,25440,25240,25240,254.735657,6916100
2015-12-09,25240,25500,25240,25260,254.9375,9090600
2015-12-10,25260,25860,25260,25660,258.974518,15193350
2015-12-11,25660,25900,25440,25680,259.176392,10336450
2015-12-14,25460,25460,25100,25220,254.533798,11140050
2015-12-15,25220,25600,25200,25540,257.763428,8774700
2015-12-16,25560,26200,25560,25980,262.204163,10398100
2015-12-17,26020,26160,25500,25800,260.387482,8733850
2015-12-18,25300,25760,25280,25560,257.965271,8418450
2015-12-21,25560,25700,25220,25600,258.368958,8023300
2015-12-22,25600,25840,25340,25840,260.791168,10309600
2015-12-23,25840,25980,25640,25900,261.396729,10357400
2015-12-24,25900,26000,25700,25700,259.378235,7807550
2015-12-28,25700,25780,25320,25320,255.543076,11361500
2015-12-29,25300,25320,24820,25080,1204.702881,11647200
2015-12-30,25200,25440,25080,25200,1210.466919,10197900
2016-01-04,25200,25200,24100,24100,1157.62915,15346950
2016-01-05,24040,24360,23720,24160,1160.51123,10800100
2016-01-06,24160,24160,23360,23500,1128.80835,18337600
2016-01-07,23320,23660,23020,23260,1117.280273,14119400
2016-01-08,23260,23720,23260,23420,1124.965698,12888150
2016-01-11,23120,23320,22920,23040,1106.712646,12063850
2016-01-12,22960,23320,22880,22920,1100.948608,10314150
2016-01-13,23060,23180,22960,22960,1102.869751,7165800
2016-01-14,22620,22840,22620,22760,1093.263062,10451100
2016-01-15,22800,23040,22480,22640,1087.498779,10473200
2016-01-18,21760,22660,21760,22520,1081.734741,16010700
2016-01-19,22560,23420,22560,23420,1124.965698,10362100
2016-01-20,23200,23200,22640,22760,1093.263062,8352600
2016-01-21,22660,23100,22500,22620,1086.53833,9517600
2016-01-22,22900,23360,22900,23360,1122.08374,7376400
2016-01-25,23440,23520,23120,23240,1116.31958,7995650
2016-01-26,23100,23140,22720,22740,1092.302368,7619950
2016-01-27,22520,23500,22520,23500,1128.80835,13811850
2016-01-28,23280,23360,22780,22900,1099.987793,15795600
2016-01-29,22800,23000,22320,23000,1104.791382,21849150
2016-02-01,23040,23260,23020,23260,1117.280273,12998950
2016-02-02,23220,23320,22940,23120,1110.55542,8317400
2016-02-03,23000,23040,22740,22920,1100.948608,8725350
2016-02-04,23000,23220,22960,23120,1110.55542,12397950
2016-02-05,23120,23380,23120,23280,1118.240845,9404700
2016-02-11,22360,22740,22360,22600,1085.577515,15263100
2016-02-12,22600,23020,22440,22600,1085.577515,12811600
2016-02-15,23080,23200,22880,23080,1108.633911,9157300
2016-02-16,23160,23580,23140,23360,1122.08374,9020050
2016-02-17,23580,24020,23380,23700,1138.415283,12303100
2016-02-18,24060,24060,23560,23740,1140.33667,11124050
2016-02-19,23740,23900,23480,23800,1143.218872,8842600
2016-02-22,23800,23840,23320,23500,1128.80835,8744950
2016-02-23,23580,23780,23460,23620,1134.572632,7383700
2016-02-24,23560,23580,23220,23440,1125.926514,7024200
2016-02-25,23440,23740,23440,23580,1132.651245,6681750
2016-02-26,23600,23740,23440,23440,1125.926514,8867200
2016-02-29,23580,23880,23520,23560,1131.69043,14434000
2016-03-02,24000,24140,23920,23940,1149.943604,11818600
2016-03-03,24260,24400,24040,24400,1172.039429,10949550
2016-03-04,24400,24560,24040,24300,1167.236084,10074500
2016-03-07,24400,24620,24300,24460,1174.921631,6568800
2016-03-08,24460,24480,23720,23840,1145.140137,10810100
2016-03-09,23760,23980,23540,23880,1147.061523,9169000
2016-03-10,24160,24720,24020,24500,1176.843018,14177000
2016-03-11,24500,25060,24320,24980,1199.899536,13361250
2016-03-14,25340,25460,24980,25100,1205.663696,10857700
2016-03-15,25100,25280,24920,25060,1203.742188,8640400
2016-03-16,25120,25260,25060,25120,1206.624146,7342800
2016-03-17,25300,25920,25140,25260,1213.348999,12343450
2016-03-18,25560,25560,25260,25460,1222.955933,11265700
2016-03-21,25480,25580,25160,25340,1217.191895,9058500
2016-03-22,25340,25580,25240,25380,1219.113159,10143600
2016-03-23,25380,25580,25240,25580,1228.719971,9870900
2016-03-24,25580,25800,25320,25640,1231.602173,10939750
2016-03-25,25660,25800,25560,25760,1237.366333,7172300
2016-03-28,25760,26000,25760,25880,1243.130493,6060900
2016-03-29,25880,26000,25700,25800,1239.28772,8622700
2016-03-30,26200,26420,26040,26160,1256.579956,13380250
2016-03-31,26120,26280,25960,26240,1260.422729,19130750
2016-04-01,25980,26180,25420,25580,1228.719971,13557800
2016-04-04,25580,26100,25580,26100,1253.697998,9402300
2016-04-05,25980,25980,25200,25200,1210.466919,11815950
2016-04-06,25380,25820,25360,25700,1234.484253,9211700
2016-04-07,26000,26000,25160,25380,1219.113159,12939750
2016-04-08,25380,25380,24800,24920,1197.017212,12593400
2016-04-11,24920,25420,24920,25320,1216.231201,6034650
2016-04-12,25400,25620,25320,25500,1224.877319,6702700
2016-04-14,26000,26040,25780,26000,1248.894531,16766350
2016-04-15,26180,26200,25800,26000,1248.894531,6829950
2016-04-18,25900,26100,25840,25980,1247.933838,6423700
2016-04-19,25880,25920,25660,25760,1237.366333,7238300
2016-04-20,25640,26000,25640,25980,1247.933838,8598600
2016-04-21,26000,26020,25760,25880,1243.130493,7254450
2016-04-22,25880,25880,25540,25600,1229.680786,5741500
2016-04-25,25700,25700,25420,25620,1230.641602,4597850
2016-04-26,25700,26100,25660,25920,1245.051758,8345050
2016-04-27,25880,26000,25720,26000,1248.894531,8297300
2016-04-28,26000,26000,25220,25300,1215.270386,14653450
2016-04-29,25200,25340,24840,24900,1196.056763,16253900
2016-05-02,24940,25240,24900,25000,1200.860107,7027600
2016-05-03,25340,25400,25120,25220,1211.427612,7903300
2016-05-04,25440,25800,25240,25800,1239.28772,14702750
2016-05-09,25800,26000,25700,25980,1247.933838,13718100
2016-05-10,25980,26000,25760,25920,1245.051758,8559550
2016-05-11,25920,25980,25740,25840,1241.208984,8834400
2016-05-12,25840,25840,25500,25620,1230.641602,7615100
2016-05-13,25620,25620,25020,25060,1203.742188,12284900
2016-05-16,25060,25260,24940,24960,1198.938843,11720150
2016-05-17,24980,25300,24980,25280,1214.309814,9183550
2016-05-18,25280,25420,25100,25360,1218.152344,9169600
2016-05-19,25360,25540,25320,25400,1220.073975,10012450
2016-05-20,25400,25600,25380,25380,1219.113159,7960550
2016-05-23,25380,25720,25380,25720,1235.444946,8112550
2016-05-24,25720,25780,25360,25420,1221.034668,10434600
2016-05-25,25660,25960,25480,25900,1244.091064,11862750
2016-05-26,25980,26060,25900,25920,1245.051758,12653650
2016-05-27,26000,26020,25460,25640,1231.602173,13744550
2016-05-30,25940,25940,25480,25600,1229.680786,10315350
2016-05-31,25600,26000,25360,25840,1241.208984,62527700
2016-06-01,25960,26820,25900,26660,1280.597046,23504000
2016-06-02,27000,27440,26920,27300,1311.339478,23806950
2016-06-03,27400,27580,27280,27540,1322.86731,17066200
2016-06-07,27720,28040,27600,27960,1343.041992,23142150
2016-06-08,28380,28380,27780,28120,1350.727417,18808100
2016-06-09,28160,28600,28120,28600,1373.783936,25768750
2016-06-10,28480,28500,28080,28120,1350.727417,14484050
2016-06-13,27920,27920,27240,27420,1317.103394,15248300
2016-06-14,27420,27720,27380,27600,1325.749634,12273050
2016-06-15,27700,28320,27660,28260,1357.452515,15334450
2016-06-16,28260,28340,27900,28180,1353.609497,14621550
2016-06-17,28200,28700,28200,28520,1369.941284,16419700
2016-06-20,28540,28960,28520,28620,1374.744751,13515800
2016-06-21,28640,28980,28520,28960,1391.07605,10020550
2016-06-22,28920,29000,28620,28900,1388.194214,8948250
2016-06-23,28880,28900,28540,28600,1373.783936,11256300
2016-06-24,28900,28900,27200,28000,1344.963257,20552600
2016-06-27,28000,28100,27700,27960,1343.041992,11839000
2016-06-28,27800,28080,27580,27980,1344.002563,10718950
2016-06-29,28160,28240,27820,27920,1390.828491,10527050
2016-06-30,28160,28900,27940,28500,1419.721313,13671700
2016-07-01,28540,29580,28540,29320,1460.569092,14393600
2016-07-04,29280,29480,29020,29320,1460.569092,7995000
2016-07-05,29320,29500,29240,29380,1463.557983,7870350
2016-07-06,28940,29040,28240,28420,1415.735962,16749150
2016-07-07,28420,29000,28320,29000,1444.628418,11495200
2016-07-08,29000,29500,28980,29200,1454.591309,13498150
2016-07-11,29200,30000,29200,29780,1483.483887,14056800
2016-07-12,29980,30100,29200,29280,1458.576904,11024700
2016-07-13,29920,29920,29260,29620,1475.51355,10009900
2016-07-14,29620,30000,29520,30000,1494.443237,12430250
2016-07-15,30000,30440,29720,30360,1512.376587,11623150
2016-07-18,30360,30660,30000,30660,1527.320923,11567200
2016-07-19,30560,30800,30440,30660,1527.320923,10122250
2016-07-20,30660,30840,30480,30800,1534.295166,7773150
2016-07-21,30800,30940,30740,30860,1537.28418,8544700
2016-07-22,30120,30560,30120,30320,1510.383911,8585150
2016-07-25,30000,30460,29900,30040,1496.435913,7732500
2016-07-26,30000,30620,29960,30600,1524.332031,7228500
2016-07-27,30240,30580,30240,30540,1521.34314,6335050
2016-07-28,30660,30720,29960,30140,1501.417358,9503700
2016-07-29,30400,31140,30220,30780,1533.298828,14985600
2016-08-01,31380,31600,31200,31360,1562.191406,11515400
2016-08-02,31360,31360,30920,30960,1542.265381,8315800
2016-08-03,30960,30960,30340,30340,1511.380371,7504900
2016-08-04,30380,30660,30340,30340,1511.380371,7009950
2016-08-05,30580,31280,30500,31220,1555.217407,6958850
2016-08-08,31320,31500,31120,31380,1563.187744,11125150
2016-08-09,31480,31580,31140,31340,1561.195313,9023200
2016-08-10,31340,31400,30680,30820,1535.291382,12340350
2016-08-11,30820,31180,30520,31180,1553.224731,10533600
2016-08-12,31180,31400,30880,30900,1539.276733,10474850
2016-08-16,30900,31520,30900,31360,1562.191406,10843100
2016-08-17,31380,31400,31020,31320,1560.198975,7446450
2016-08-18,31340,32880,31320,32800,1633.924683,18327050
2016-08-19,32760,33500,32720,33500,1668.794922,16805150
2016-08-22,33480,33840,33180,33300,1658.832031,12612200
2016-08-23,33300,33880,33140,33740,1680.750488,11545700
2016-08-24,33600,33640,32720,33060,1646.876587,15938550
2016-08-25,32600,33180,32440,32780,1632.928345,14173800
2016-08-26,32120,32460,32060,32240,1606.028442,12058000
2016-08-29,32040,32800,31940,32800,1633.924683,8925750
2016-08-30,32940,33420,32660,32900,1638.906128,7849600
2016-08-31,32820,32820,32220,32400,1613.998779,20532200
2016-09-01,31660,31760,31260,31740,1581.12085,18790150
2016-09-02,31900,32260,31760,31940,1591.084106,8153000
2016-09-05,31800,32300,31700,32120,1600.050781,8383800
2016-09-06,32140,32900,31940,32860,1636.913574,7660150
2016-09-07,32960,33040,32420,32420,1614.995117,9591850
2016-09-08,32460,32780,32280,32780,1632.928345,12070850
2016-09-09,32220,32360,31280,31500,1569.165527,13258400
2016-09-12,29800,30120,29120,29300,1459.572876,26499350
2016-09-13,30160,30980,29900,30540,1521.34314,24717250
2016-09-19,30760,31380,30720,31160,1552.228516,22408150
2016-09-20,31180,31760,31180,31700,1579.128418,12921150
2016-09-21,31900,32020,31520,31840,1586.102295,10509050
2016-09-22,32000,32820,31980,32360,1612.006348,11429950
2016-09-23,31640,31960,31320,31420,1565.180176,18299650
2016-09-26,31420,31920,31280,31360,1562.191406,14524800
2016-09-27,31000,31500,30660,31380,1563.187744,9834400
2016-09-28,31080,31460,31080,31340,1561.195313,8706400
2016-09-29,31460,32380,31440,32000,1594.072998,11397550
2016-09-30,31800,32300,31700,31960,1592.0802,11762700
2016-10-04,32200,32480,32120,32280,1608.020996,13053100
2016-10-05,32020,32520,31940,32380,1613.002441,12470450
2016-10-06,33920,34000,33340,33820,1684.735596,29558150
2016-10-07,34000,34320,33800,34120,1699.680054,26050550
2016-10-10,33000,33780,32560,33600,1673.776611,25293300
2016-10-11,32000,32500,30900,30900,1539.276733,38427150
2016-10-12,29900,30900,29880,30700,1529.313721,39088550
2016-10-13,31000,31620,30900,31140,1551.232056,21864550
2016-10-14,30960,31760,30940,31540,1571.157959,14158950
2016-10-17,31300,32040,30760,31800,1584.109863,12785200
2016-10-18,31440,31900,31440,31780,1583.113647,10384500
2016-10-19,31580,32860,31500,32500,1618.980225,15444550
2016-10-20,32520,33020,32180,32400,1613.998779,10330450
2016-10-21,32120,32260,31760,31780,1583.113647,10477500
2016-10-24,31860,32160,31800,32160,1602.043091,9289950
2016-10-25,32000,32080,31840,31940,1591.084106,9866100
2016-10-26,31940,31980,31240,31340,1561.195313,10534000
2016-10-27,31420,32340,31120,31460,1567.172974,14117000
2016-10-28,31600,32280,31600,32280,1608.020996,10214200
2016-10-31,32320,32780,32220,32780,1632.928345,12067200
2016-11-01,32600,33040,32240,33040,1645.880249,10347400
2016-11-02,32800,33040,32620,32860,1636.913574,10099250
2016-11-03,32600,32800,32120,32320,1610.01355,10341850
2016-11-04,32100,32680,32100,32540,1620.973022,7103850
2016-11-07,32940,33000,32680,32800,1633.924683,7661900
2016-11-08,32980,32980,32700,32880,1637.910034,5417450
2016-11-09,32920,33140,31820,31920,1590.087769,15683600
2016-11-10,32600,33000,32360,32980,1642.891235,11795350
2016-11-11,31700,32360,31700,31960,1592.0802,12836800
2016-11-14,31900,31920,31040,31060,1547.24707,15133300
2016-11-15,31060,31620,30780,30780,1533.298828,13665700
2016-11-16,30800,31280,30800,31160,1552.228516,13308200
2016-11-17,31100,31520,30900,31360,1562.191406,7870550
2016-11-18,31640,31760,31400,31720,1580.124756,9460750
2016-11-21,31300,32120,31300,31860,1587.098999,8180200
2016-11-22,32140,32900,32000,32800,1633.924683,9751100
2016-11-23,33220,33220,32520,32980,1642.891235,12668600
2016-11-24,32980,33040,32660,33000,1643.887573,7757150
2016-11-25,32820,33040,32660,33000,1643.887573,6276900
2016-11-28,33000,33620,32800,33540,1670.787964,13294050
2016-11-29,33800,33960,33380,33540,1670.787964,18081300
2016-11-30,33540,34940,33540,34920,1739.53186,28535200
2016-12-01,34800,35060,34660,34980,1742.520752,15535350
2016-12-02,34480,34760,34140,34540,1720.602173,15352950
2016-12-05,34340,34680,34220,34360,1711.635742,8484600
2016-12-06,34440,35200,34400,34960,1741.524658,14001800
2016-12-07,35040,35480,35040,35440,1765.435425,9603650
2016-12-08,35980,36020,35520,35800,1783.368896,16462550
2016-12-09,35900,35900,35400,35600,1773.406128,10652450
2016-12-12,34660,35360,34660,35040,1745.509644,11414450
2016-12-13,34620,35440,34620,35320,1759.458008,11684450
2016-12-14,35560,35680,35280,35540,1770.417236,7455100
2016-12-15,34820,35500,34820,35180,1752.484131,5773550
2016-12-16,35300,36020,35200,35860,1786.357666,11747700
2016-12-19,35620,36380,35620,35900,1788.350586,5435800
2016-12-20,35920,36400,35840,36240,1805.287476,7615200
2016-12-21,36360,36600,36020,36100,1798.313232,6552100
2016-12-22,36260,36300,35980,36180,1802.298828,6354600
2016-12-23,36020,36080,35600,35640,1775.398682,8334850
2016-12-26,35600,36000,35560,35960,1791.339478,4823600
2016-12-27,35980,36200,35860,35980,1792.335571,4653450
2016-12-28,35840,35980,35600,35760,7558.246094,6662900
2016-12-29,35420,36040,35400,36040,7617.426758,7516450
2017-01-02,35980,36240,35880,36100,7630.10791,4650600
2017-01-03,36280,36620,36020,36480,7710.425293,7357650
2017-01-04,36500,36520,36100,36160,7642.790527,7971750
2017-01-05,36060,36060,35540,35560,7515.973145,10967450
2017-01-06,36180,36440,36040,36200,7651.245117,8880950
2017-01-09,36600,37500,36560,37220,7866.832031,13194900
2017-01-10,37280,37400,37080,37240,7871.05957,9099800
2017-01-11,37520,38560,37420,38280,8090.874512,12018150
2017-01-12,38000,38800,37980,38800,8200.782227,11669150
2017-01-13,38100,38320,37460,37460,7917.558105,15954450
2017-01-16,36860,37820,36320,36660,7748.470215,16611500
2017-01-17,36580,37460,36580,36960,7811.878418,8150700
2017-01-18,37040,37500,36620,36940,7807.651367,8875400
2017-01-19,37720,37920,37020,37480,7921.786133,9418900
2017-01-20,37120,37420,36880,37200,7862.604004,9185000
2017-01-23,37200,38060,37000,38060,8044.374512,8810400
2017-01-24,38120,38580,37880,38160,8065.510742,11048750
2017-01-25,38340,39400,38320,39400,8327.597656,13433850
2017-01-26,39420,40000,39420,39900,8433.277344,15214500
2017-01-31,39900,39900,39460,39460,8340.279297,17992200
2017-02-01,39540,39660,39040,39120,8268.416992,14150400
2017-02-02,39600,39660,39200,39360,8319.143555,15029300
2017-02-03,39400,39500,39180,39460,8340.279297,10386350
2017-02-06,39580,39660,39140,39560,8361.416016,8860700
2017-02-07,39560,39580,38760,38820,8205.007813,14041800
2017-02-08,38740,38780,38200,38400,8116.237305,17092950
2017-02-09,38780,38840,38220,38400,8116.237305,13694150
2017-02-10,38400,38760,38300,38360,8107.782715,11020750
2017-02-13,37740,38060,37720,37960,8023.23877,11102050
2017-02-14,37960,38260,37320,37580,7942.922363,13124150
2017-02-15,37080,37960,37080,37720,7972.512207,14191550
2017-02-16,37800,38360,37780,38020,8035.92041,10226350
2017-02-17,37560,38040,37280,37860,8002.103027,15377450
2017-02-20,38220,38780,38160,38660,8171.19043,7485800
2017-02-21,38540,39560,38420,38940,8230.370117,10562600
2017-02-22,39000,39340,38980,39300,8306.460938,8539450
2017-02-23,39020,39440,39020,39180,8281.098633,10217300
2017-02-24,38960,39100,38060,38220,8078.191406,9296850
2017-02-27,38020,38140,37700,38060,8044.374512,9033700
2017-02-28,38060,38760,37960,38440,8124.691895,15088700
2017-03-02,38420,39860,38420,39720,8395.233398,21249800
2017-03-03,39340,39720,39160,39620,8374.09668,12708700
2017-03-06,39220,40220,39220,40080,8471.323242,12234850
2017-03-07,39800,40320,39800,40200,8496.686523,10553250
2017-03-08,40200,40620,40140,40200,8496.686523,12140950
2017-03-09,40200,40300,40020,40200,8496.686523,14372250
2017-03-10,39960,40420,39860,40180,8492.458008,10227800
2017-03-13,40040,40980,40040,40600,8581.230469,7424100
2017-03-14,40620,41540,40500,41360,8741.863281,11325050
2017-03-15,40800,41440,40800,41400,8750.318359,9587850
2017-03-16,41800,42180,41540,41840,8843.317383,9933150
2017-03-17,41800,42500,41720,42400,8961.678711,12602300
2017-03-20,42000,42120,41740,41900,8855.999023,10250050
2017-03-21,41780,42680,41760,42560,8995.496094,14220150
2017-03-22,41600,42460,41580,42460,8974.361328,16427250
2017-03-23,42200,42360,41700,41800,8834.862305,15397100
2017-03-24,41600,41980,41080,41500,8771.455078,12808150
2017-03-27,41200,41880,41180,41200,8708.045898,12177650
2017-03-28,41560,41840,41380,41480,8767.227539,8216250
2017-03-29,41740,41960,41580,41780,8830.635742,10093250
2017-03-30,41880,42440,41880,41980,10658.71289,8204000
2017-03-31,41820,42020,41200,41200,10460.6709,10500300
2017-04-03,41400,41720,41300,41440,10521.60742,9579400
2017-04-04,41600,42180,41520,42080,10684.10254,12255500
2017-04-05,41900,42240,41700,42140,10699.33789,10699700
2017-04-06,42000,42080,41600,41840,10623.16797,9683400
2017-04-07,41800,41820,41160,41600,10562.23047,10021000
2017-04-10,41940,41940,41500,41940,10648.55762,7141350
2017-04-11,41940,41940,41580,41600,10562.23047,7172900
2017-04-12,41860,41940,41700,41900,10638.40332,8274900
2017-04-13,41660,42460,41660,42420,10770.42969,9040800
2017-04-14,42160,42260,41760,42020,10668.86914,5462850
2017-04-17,42000,42080,41520,41560,10552.07422,5224750
2017-04-18,41680,41820,41280,41500,10536.8418,6860650
2017-04-19,41300,41420,40900,40900,10384.50195,11762900
2017-04-20,40580,40800,40080,40280,10227.08398,21148850
2017-04-21,40480,41400,40480,40760,10348.95606,15130500
2017-04-24,41260,41260,40920,41240,10470.82715,8990150
2017-04-25,41460,42740,41320,42700,10841.52051,19299600
2017-04-26,42700,42800,42520,42800,10866.91211,14794800
2017-04-27,42700,44520,41960,43840,11130.96875,23032250
2017-04-28,45780,45800,44520,44620,11329.00879,22685700
2017-05-02,45500,45500,44760,44900,11400.10156,14068300
2017-05-04,45700,45700,44860,45520,11557.51856,13690100
2017-05-08,45520,47020,45340,47020,11938.36914,19582550
2017-05-10,46160,47220,45600,45600,11577.83106,23410950
2017-05-11,45420,46180,45220,45500,11552.44336,21277850
2017-05-12,45760,46160,45660,45820,11633.6875,9422900
2017-05-15,45620,46280,45620,46100,11704.78125,8001400
2017-05-16,46660,46800,46100,46380,11775.87402,8803750
2017-05-17,46120,46640,46100,46340,11765.71582,7424450
2017-05-18,45740,46000,45540,45940,11664.1582,11160350
2017-05-19,45640,45780,44720,44720,11354.39941,15762350
2017-05-22,45040,45380,44760,45100,11450.87988,17643550
2017-05-23,45400,45580,44900,44920,11405.17871,12607050
2017-05-24,44860,45300,44800,44880,11395.02148,8675400
2017-05-25,45160,45680,44800,45680,11598.1416,13044800
2017-05-26,45600,46460,45540,46080,11699.7041,13613650
2017-05-29,46220,46400,45380,45620,11582.90918,8739550
2017-05-30,45520,45660,44480,44640,11334.08691,12433600
2017-05-31,44580,45020,44400,44700,11349.32031,18669100
2017-06-01,44860,44900,44400,44680,11344.24316,9753500
2017-06-02,45060,45960,45000,45960,11669.23535,12488750
2017-06-05,46040,46360,45720,45940,11664.1582,7599400
2017-06-07,46500,46500,45240,45300,11501.66113,13729400
2017-06-08,45000,45580,45000,45160,11466.11523,13978750
2017-06-09,45680,46440,45600,46100,11704.78125,11732850
2017-06-12,45420,45600,45140,45380,11521.97168,10954300
2017-06-13,45140,45620,45140,45400,11527.04981,8624900
2017-06-14,45800,46060,45240,45360,11516.89453,10166700
2017-06-15,45680,45920,45180,45680,11598.1416,9657000
2017-06-16,45500,45940,45460,45580,11572.75195,17403450
2017-06-19,45580,46560,45560,46560,11821.57324,11303900
2017-06-20,47240,48140,47220,48140,12222.73828,15045000
2017-06-21,47740,48120,47480,47480,12055.16016,9973650
2017-06-22,47960,48080,47720,47960,12177.03418,11455800
2017-06-23,47600,47780,47420,47620,12090.70703,9515100
2017-06-26,47520,48360,47520,48280,12258.2832,8552800
2017-06-27,48220,48400,47900,48300,12263.36133,9616750
2017-06-28,47600,48000,47560,47700,12111.02148,9572500
2017-06-29,48040,48320,47940,47940,14265.41309,8306550
2017-06-30,47500,47620,47100,47540,14146.38672,11877550
2017-07-03,47500,47780,47120,47220,14051.16309,6805550
2017-07-04,47160,47400,46900,47000,13985.69824,7961000
2017-07-05,46820,47680,46780,47580,14158.28906,10640250
2017-07-06,48000,48100,47720,48060,14301.12109,10923050
2017-07-07,47740,48120,47620,47860,14241.60742,8131900
2017-07-10,48500,48900,48320,48660,14479.66211,10792750
2017-07-11,48640,49000,48280,49000,14580.83594,9717800
2017-07-12,49000,50000,48840,49880,14842.69434,9486150
2017-07-13,50080,50940,50040,50560,15045.04199,16034150
2017-07-14,51000,51080,50420,50480,15021.23731,8239000
2017-07-17,50900,51020,50520,50640,15068.84668,8976100
2017-07-18,50420,50880,50360,50840,15128.36035,7084450
2017-07-19,50620,50820,50000,50740,15098.60254,11157500
2017-07-20,50760,51320,50560,51200,15235.48438,8367600
2017-07-21,50860,51160,50520,51080,15199.77734,8449050
2017-07-24,50700,51000,50620,50860,15134.31152,7099750
2017-07-25,50500,50760,49940,50000,14878.40332,10810600
2017-07-26,49600,50020,49300,49840,14830.79297,11224800
2017-07-27,50000,50640,49560,49800,14818.88965,11449500
2017-07-28,49800,49800,47380,47760,14211.85059,26168300
2017-07-31,47420,48240,46920,48200,14342.78125,12701400
2017-08-01,48000,48840,47540,48600,14461.80859,11369500
2017-08-02,49200,49340,48600,49000,14580.83594,7777450
2017-08-03,49000,49000,47120,47780,14217.80078,15540800
2017-08-04,48160,48180,47500,47700,14193.99609,8359200
2017-08-07,47500,48080,47440,47580,14158.28906,7218250
2017-08-08,47980,48260,47480,47720,14199.94629,7979600
2017-08-09,47400,47400,46240,46280,13771.4502,14555400
2017-08-10,46200,46320,45460,45900,13658.37402,22986150
2017-08-11,45120,45300,44220,44620,13277.48828,25407300
2017-08-14,45120,45400,44720,45000,13390.56152,19185600
2017-08-16,46220,46380,46000,46200,13747.64453,21913650
2017-08-17,46960,47300,46740,47040,13997.60156,12415850
2017-08-18,46760,47240,46240,46900,13955.94238,10477950
2017-08-21,47240,47240,46580,46840,13938.08789,5103450
2017-08-22,46820,47160,46700,47000,13985.69824,7381750
2017-08-23,47780,47780,47180,47480,14128.53223,9384700
2017-08-24,47520,47660,47340,47520,14140.43262,8657450
2017-08-25,47880,47880,46720,47020,13991.64941,11243550
2017-08-28,47020,47240,45960,46100,13717.88672,9962100
2017-08-29,45640,46080,45160,46080,13711.93652,12623650
2017-08-30,46380,46400,45960,46200,13747.64453,7513000
2017-08-31,46220,46640,46000,46320,13783.35156,11011700
2017-09-01,46460,46640,46300,46480,13830.96387,10641700
2017-09-04,45780,46360,45500,46040,13700.0332,7943500
2017-09-05,46240,46900,45960,46760,13914.28223,11716100
2017-09-06,46760,47180,46700,47000,13985.69824,10811050
2017-09-07,47000,48220,47000,48120,14318.97559,9676500
2017-09-08,48700,49180,48580,49080,14604.64063,10893000
2017-09-11,49700,50180,49500,49800,14818.88965,10374750
2017-09-12,50200,50220,49140,49600,14759.37695,12029750
2017-09-13,49820,50400,49440,49620,14765.32813,9357000
2017-09-14,50060,50320,49760,50300,14967.67383,14204750
2017-09-15,50300,50560,49860,50400,14997.43066,10757300
2017-09-18,50540,52480,50520,52480,15616.37305,11524950
2017-09-19,52500,52640,51780,52120,15509.24902,9850400
2017-09-20,52120,52500,51840,52220,15539.00488,9292750
2017-09-21,52220,52960,52220,52800,15711.59375,8839800
2017-09-25,53000,53680,53000,53620,15955.59766,9303100
2017-09-26,53620,53620,53620,53620,15955.59766,0
2017-09-27,52000,52200,51500,51680,15378.31738,10797000
2017-09-28,52260,52460,51260,51260,17643.07422,12025450
2017-09-29,51180,51620,50840,51280,17649.95703,12909400
2017-10-10,53360,53640,52800,52800,18173.12305,20519800
2017-10-11,53600,54760,53340,54640,18806.42969,13652150
2017-10-12,54840,55160,54100,54800,18861.5,13890700
2017-10-13,54540,54840,53780,54000,18586.15039,12601650
2017-10-16,53980,54860,53760,53920,18558.61523,9769950
2017-10-17,54020,55380,54000,54800,18861.5,10607800
2017-10-18,54820,55240,54040,54760,18847.73242,10110750
2017-10-19,54700,54700,52980,52980,18235.07813,12108700
2017-10-20,52800,54100,52800,53840,18531.08008,8027050
2017-10-23,54600,54640,54000,54300,18689.40625,8311050
2017-10-24,54700,54780,54040,54040,18599.91602,5806050
2017-10-25,54040,54420,53700,53900,18551.73047,5882850
2017-10-26,53720,53900,52400,52400,18035.44727,9776550
2017-10-27,52400,53320,52140,53080,18269.49805,7392500
2017-10-30,53780,54320,53700,54040,18599.91602,8196150
2017-10-31,54060,55440,53500,55080,18957.87109,13381550
2017-11-01,57500,57500,56180,57220,19694.43359,14510250
2017-11-02,57500,57520,56760,57060,19639.36523,10721050
2017-11-03,57060,57140,55860,56380,19405.31641,9935800
2017-11-06,56380,56500,55340,56380,19405.31641,9000950
2017-11-07,56380,56920,55860,56100,19308.94336,7464550
2017-11-08,56100,57060,55860,56760,19536.10742,8520200
2017-11-09,56920,56920,55900,56340,19391.54883,11994050
2017-11-10,55800,56540,55780,56400,19412.20117,6748800
2017-11-13,56400,56800,56100,56380,19405.31641,8806650
2017-11-14,56380,56740,55920,55920,19246.99023,6725000
2017-11-15,55920,56320,55320,55340,19047.36133,8816950
2017-11-16,null,null,null,null,null,null
2017-11-17,56400,56880,55820,55820,19212.57227,10733150
2017-11-20,55900,55980,55200,55200,18999.17578,9472750
2017-11-21,55400,55840,55280,55280,19026.71094,10324700
2017-11-22,55980,56200,55620,55960,19260.75781,7952950
2017-11-23,null,null,null,null,null,null
2017-11-24,55300,55500,55180,55460,19088.66211,4536200
2017-11-27,55360,55360,52640,52640,18118.05273,18128900
2017-11-28,52700,53280,51720,53280,18338.33398,13499400
2017-11-29,53200,53240,52500,52600,18104.28711,9590250
2017-11-30,50800,51860,50200,50800,17484.74805,29634150
2017-12-01,50800,51780,50800,50840,17498.51563,12868600
2017-12-04,50840,51340,50020,51340,17670.61133,14865050
2017-12-05,50600,51300,50280,51260,17643.07422,9326550
2017-12-06,51260,51560,50020,50020,17216.2832,10889200
2017-12-07,50040,50980,50020,50740,17464.09766,11065600
2017-12-08,51360,52000,51040,52000,17897.77344,11290450
2017-12-11,52000,52040,51500,51780,17822.05273,8125850
2017-12-12,51820,52100,51660,52100,17932.19336,8765050
2017-12-13,52100,52100,51100,51320,17663.72656,11333700
2017-12-14,51320,52280,51060,51060,17574.23633,20310400
2017-12-15,51240,51480,50520,50620,17422.79492,14928550
2017-12-18,50620,51240,50620,51200,17622.42188,7350250
2017-12-19,51540,52080,51520,51560,17746.33203,11978600
2017-12-21,51000,51060,49100,49140,16913.39648,15624300
2017-12-22,49400,49960,49240,49700,17106.14063,11199650
2017-12-26,49760,50100,48200,48200,16589.85938,16039850
2017-12-27,48960,49560,48460,49360,30669.49414,10743600
2017-12-28,49560,50960,49500,50960,31663.64063,8985450
2018-01-02,null,null,null,null,null,null
2018-01-03,52540,52560,51420,51620,32073.72852,10013500
2018-01-04,52120,52180,50640,51080,31738.20508,11695450
2018-01-05,51300,52120,51200,52120,32384.40039,9481150
2018-01-08,52400,52520,51500,52020,32322.26367,8383650
2018-01-09,51460,51720,49980,50400,31315.69141,18013600
2018-01-10,50500,50520,48640,48840,30346.39453,18566800
2018-01-11,48200,49260,48020,48240,29973.58984,25123800
2018-01-12,48240,48480,46760,48200,29948.73242,27270450
2018-01-15,48800,48980,47920,48540,30159.99219,10096000
2018-01-16,48760,50140,48620,50000,31067.1543,20389650
2018-01-17,50020,50020,49060,49620,30831.04102,11053050
2018-01-18,50020,50640,49820,49900,31005.01758,14848850
2018-01-19,50380,50380,49040,49320,30644.64063,9219950
2018-01-22,48640,48680,47960,48240,29973.58984,12520900
2018-01-23,48660,49160,48300,49160,30545.22461,13532700
2018-01-24,48860,49700,48560,49340,30657.06641,9550500
2018-01-25,49220,50360,49160,50260,31228.70117,11160350
2018-01-26,50500,50780,49840,50780,31551.79883,10350100
2018-01-29,51200,51480,50900,51220,31825.19336,11838800
2018-01-30,50440,50640,49780,49800,30942.88281,12284550
2018-01-31,50020,54140,49600,49900,31005.01758,64681300
2018-02-01,50620,50960,49720,49820,30955.3125,27609450
2018-02-02,49380,49400,47700,47700,29638.0625,29260350
2018-02-05,46500,48320,46000,47920,29774.75977,28357900
2018-02-06,46600,47920,46580,47420,29464.08789,19406450
2018-02-07,48240,48260,45800,45800,28457.51172,23448050
2018-02-08,46120,46620,45980,46000,28581.7793,23251050
2018-02-09,44440,45180,44420,44700,27774.0332,17465000
2018-02-12,45100,46320,45040,45720,28407.80469,15754950
2018-02-13,46200,48060,46200,47540,29538.64648,18923250
2018-02-14,48080,49100,47940,49000,30445.81055,18905900
2018-02-19,49800,49800,47860,48380,30060.57617,15353450
2018-02-20,48040,48160,47220,47400,29451.66016,10122600
2018-02-21,47280,47580,46840,47280,29377.09766,12880200
2018-02-22,47260,47260,46760,46760,29054.00195,8869950
2018-02-23,46760,47800,46760,47220,29339.82031,12423300
2018-02-26,47280,47560,47080,47380,29439.23242,9560650
2018-02-27,48360,48380,47380,47380,29439.23242,9830550
2018-02-28,47380,48100,47000,47060,29240.4043,15162350
2018-03-02,46580,46800,46000,46020,28594.20703,13265500
2018-03-05,45820,46160,45080,45200,28084.70703,14100950
2018-03-06,45920,47100,45820,47020,29215.55078,15423350
2018-03-07,48200,48900,47220,48620,30209.70117,21427050
2018-03-08,49200,49480,48080,49200,30570.07813,19463650
2018-03-09,49440,50540,49240,49740,30905.60156,14304400
2018-03-12,50560,50780,49580,49740,30905.60156,8688950
2018-03-13,50760,51660,50360,51660,32098.58203,20098700
2018-03-14,51020,52000,51000,51760,32160.7168,12713250
2018-03-15,52000,52020,51020,51540,32024.01953,8882450
2018-03-16,51220,51420,50240,51140,31775.48242,12184900
2018-03-19,50620,51340,50440,50740,31526.94727,8218850
2018-03-20,50700,51200,50100,51200,31812.76563,8193250
2018-03-21,51780,51780,51060,51060,31725.77734,8905200
2018-03-22,51060,51780,51040,51780,32173.14453,8454100
2018-03-23,50340,50720,49600,49720,30893.17578,14854950
2018-03-26,49420,50280,49040,50280,31241.12891,10057750
2018-03-27,50320,50460,49080,49980,31054.72656,11874000
2018-03-28,49100,49100,48340,48700,30259.40625,15159450
2018-03-29,48700,49560,48320,49040,47868.42578,10067000
2018-03-30,49080,49900,49080,49220,48044.12891,7777100
2018-04-02,49000,49220,48500,48540,47380.375,7115650
2018-04-03,47880,48140,47280,48120,46970.40625,12768250
2018-04-04,48160,48260,46920,46920,45799.07422,12384200
2018-04-05,47400,49380,47340,48740,47575.59375,13245600
2018-04-06,48000,48580,47400,48400,47243.71875,12532700
2018-04-09,48260,49440,48200,49200,48024.60547,9950400
2018-04-10,48540,49220,48040,48880,47712.25391,10984350
2018-04-11,49900,49900,48600,48860,47692.73047,10051100
2018-04-12,49440,49440,48880,49000,47829.38672,12466250
2018-04-13,49600,50180,49400,49800,48610.26953,10278300
2018-04-16,50320,50600,49860,50340,49137.37109,7877450
2018-04-17,50240,50540,49820,49980,48785.97266,7772000
2018-04-18,51000,51360,50580,51360,50133,13462600
2018-04-19,52000,52980,51540,52780,51519.07813,17190550
2018-04-20,51800,52260,51420,51620,50386.79297,11761000
2018-04-23,51000,52080,51000,51900,50660.10547,11619000
2018-04-24,51840,51860,50080,50460,49254.50391,15770300
2018-04-25,49220,50500,49220,50400,49195.94141,16614600
2018-04-26,50420,52160,50400,52140,50894.37109,18046550
2018-04-27,53380,53640,52440,53000,51733.82422,30310800
2018-04-30,53000,53000,53000,53000,51733.82422,0
2018-05-02,53000,53000,53000,53000,51733.82422,0
2018-05-03,53000,53000,53000,53000,51733.82422,0
2018-05-04,53000,53900,51800,51900,50660.10547,39565391
2018-05-08,52600,53200,51900,52600,51343.38281,23104720
2018-05-09,52600,52800,50900,50900,49683.99219,16128305
2018-05-10,51700,51700,50600,51600,50367.26953,13905263
2018-05-11,52000,52200,51200,51300,50074.4375,10314997
2018-05-14,51000,51100,49900,50100,48903.10547,14909272
2018-05-15,50200,50400,49100,49200,48024.60547,18709146
2018-05-16,49200,50200,49150,49850,48659.07813,15918683
2018-05-17,50300,50500,49400,49400,48219.82813,10365440
2018-05-18,49900,49900,49350,49500,48317.4375,6706570
2018-05-21,49650,50200,49100,50000,48805.49609,9020998
2018-05-23,50600,52000,50400,51800,50562.49219,17095490
2018-05-24,52000,52000,51100,51400,50172.05078,8289275
2018-05-25,51000,52800,50800,52700,51440.99219,15207266
2018-05-28,52500,53000,52000,52300,51050.54688,9787820
2018-05-29,52200,52500,51300,51300,50074.4375,8480437
2018-05-30,51300,51500,49100,49500,48317.4375,20498098
2018-05-31,50400,50800,49850,50700,49488.77344,63491109
2018-06-01,50500,51700,49950,51300,50074.4375,13038499
2018-06-04,50800,51200,50700,51100,49879.21484,9767171
2018-06-05,51100,51400,50400,51300,50074.4375,9144100
2018-06-07,51800,51800,50500,50600,49391.16016,13590016
2018-06-08,50200,50400,49600,49650,48463.85938,16951706
2018-06-11,49750,50300,49350,49900,48707.88281,10571312
2018-06-12,49700,49800,49250,49400,48219.82813,12110569
2018-06-14,49000,49000,48200,48200,47048.49219,20971729
2018-06-15,48500,48700,47650,47650,46511.63672,17080892
2018-06-18,47600,47650,46200,46600,45486.71875,16661870
2018-06-19,47200,47350,46500,47000,45877.16406,15217971
2018-06-20,47450,47600,46850,47000,45877.16406,12959316
2018-06-21,47900,47900,47050,47050,45925.97266,10015541
2018-06-22,47000,47250,46200,47250,46121.19141,10298006
2018-06-25,47050,47050,46150,46650,45535.52344,10587711
2018-06-26,45900,47300,45900,47000,45877.16406,11223166
2018-06-27,47450,48500,47000,47950,46804.46875,15274752
2018-06-28,46850,47150,46600,46800,46021.70703,12784800
2018-06-29,46250,47150,46200,46650,45874.19922,14099635
2018-07-02,46500,47150,45500,45550,44792.49609,13112253
2018-07-03,45750,46450,45750,46150,45382.51563,10959655
2018-07-04,46700,47050,46050,46250,45480.85156,8776763
2018-07-05,46100,46550,45600,45950,45185.83984,7039773
2018-07-06,45500,45850,44650,44900,44153.30469,17843706
2018-07-09,45500,46100,45200,45600,44841.66016,11602464
2018-07-10,46200,46550,46100,46300,45530.01953,10528665
2018-07-11,46400,46450,45400,46000,45235.01172,11224077
2018-07-12,45900,46250,45450,45500,44743.32813,11828104
2018-07-13,45800,46500,45750,46500,45726.69531,11543389
2018-07-16,46800,46800,46000,46050,45284.17969,7678719
2018-07-17,46150,46200,45600,45850,45087.50781,8892953
2018-07-18,46700,47200,46450,46550,45775.86328,10952645
2018-07-19,47050,47200,46600,46900,46120.04297,9880128
2018-07-20,47000,47600,46700,47450,46660.89844,10474547
2018-07-23,47100,47200,46150,46500,45726.69531,10823782
2018-07-24,46350,46600,45950,46150,45382.51563,8261363
2018-07-25,46250,46550,45900,46150,45382.51563,7222471
2018-07-26,46100,47000,46000,46900,46120.04297,7374946
2018-07-27,46450,47000,46450,46900,46120.04297,4762460
2018-07-30,46550,46800,46350,46500,45726.69531,5723035
2018-07-31,46200,46450,46000,46250,45480.85156,8033607
2018-08-01,46050,46850,46050,46550,45775.86328,7484499
2018-08-02,46550,46800,45500,45550,44792.49609,8560924
2018-08-03,45850,45900,45450,45750,44989.16797,8274944
2018-08-06,46150,46150,45750,45800,45038.33594,6771979
2018-08-07,46300,46750,45900,46700,45923.37109,9058174
2018-08-08,47000,47000,46550,46800,46021.70703,6429338
2018-08-09,47000,47050,46450,46900,46120.04297,12010886
2018-08-10,46150,46400,44850,45400,44644.98828,16670643
2018-08-13,44950,45100,44650,45050,44300.80859,9803831
2018-08-14,44850,45400,44850,45150,44399.14844,6409259
2018-08-16,43800,44650,43700,44250,43514.11719,10088229
2018-08-17,44050,44400,44050,44100,43366.60938,6808747
2018-08-20,43500,44200,43500,43850,43120.76563,7289124
2018-08-21,43700,44900,43700,44800,44054.96875,9520270
2018-08-22,45150,46200,44900,46100,45333.34766,11641656
2018-08-23,46150,46200,45700,46200,45431.6875,6730918
2018-08-24,45900,46400,45550,46150,45382.51563,6582535
2018-08-27,46100,46550,46000,46300,45530.01953,5263782
2018-08-28,46800,46950,46300,46550,45775.86328,7365976
2018-08-29,46750,46800,46400,46800,46021.70703,5572374
2018-08-30,46950,47950,46700,47650,46857.57031,12193231
2018-08-31,47100,48450,47000,48450,47644.26953,13577454
2018-09-03,48200,48300,47300,47450,46660.89844,8595084
2018-09-04,47550,47800,47200,47650,46857.57031,6791255
2018-09-05,47300,47450,46400,46600,45825.03125,9139998
2018-09-06,46200,46400,45800,46100,45333.34766,9040553
2018-09-07,44500,45200,44400,44900,44153.30469,18285508
2018-09-10,45450,45550,45000,45500,44743.32813,9979838
2018-09-11,45550,45900,45050,45050,44300.80859,9865790
2018-09-12,44900,45100,44500,44550,43809.125,12995269
2018-09-13,44550,44750,44000,44050,43317.4375,18277942
2018-09-14,45000,45850,44900,45850,45087.50781,12446344
2018-09-17,45550,45800,44900,45150,44399.14844,8123384
2018-09-18,44950,45900,44700,45500,44743.32813,9987090
2018-09-19,46000,46200,45700,46150,45382.51563,9367454
2018-09-20,46850,47600,46400,47250,46464.22266,13536966
2018-09-21,46550,47550,46550,47400,46611.73047,14476906
2018-09-27,46950,47500,46450,47500,47061.53906,15804586
2018-09-28,47250,47250,46300,46450,46021.23047,11270515
2018-10-01,46450,46800,45800,46350,45922.15234,6354983
2018-10-02,46450,46700,45700,45700,45278.15234,6607188
2018-10-04,45150,45600,44700,44700,44287.38281,11865327
2018-10-05,44800,45500,44550,44700,44287.38281,10544165
2018-10-08,44200,45200,44200,44950,44535.07422,6759464
2018-10-10,45250,45500,44500,45300,44881.84375,10341349
2018-10-11,44000,44650,43100,43100,42702.15234,19324537
2018-10-12,43200,44650,43200,44000,43593.84375,12640906
2018-10-15,44050,44050,43350,43800,43395.69141,7434522
2018-10-16,43700,44150,43350,43600,43197.53906,6825677
2018-10-17,44150,44500,44000,44150,43742.46094,8306193
2018-10-18,43950,44450,43700,44050,43643.38281,8347725
2018-10-19,43900,44150,43450,43900,43494.76953,7842520
2018-10-22,43450,43950,43200,43550,43148,8357648
2018-10-23,43300,43450,42550,43050,42652.61328,9531231
2018-10-24,43050,43100,42250,42550,42157.23047,13522825
2018-10-25,40600,41550,40550,41000,40621.53906,19338170
2018-10-26,41100,41300,40400,41000,40621.53906,14413864
2018-10-29,40850,41950,40550,41400,41017.84375,14460521
2018-10-30,41400,43000,41000,42350,41959.07422,14205190
2018-10-31,42900,43350,41700,42400,42008.61328,17621480
2018-11-01,42450,42950,42150,42150,41760.92188,13423132
2018-11-02,43050,44250,42800,44150,43742.46094,16517112
2018-11-05,43750,43800,42900,43800,43395.69141,9426777
2018-11-06,43750,43800,42950,43750,43346.15234,7713625
2018-11-07,43600,44500,43400,44000,43593.84375,11553998
2018-11-08,44900,45050,44050,44050,43643.38281,12617397
2018-11-09,44450,44850,43900,44300,43891.07422,7318500
2018-11-12,43850,45250,43700,45200,44782.76953,8552566
2018-11-13,43900,44500,43400,44500,44089.23047,9311126
2018-11-14,44500,44500,43800,44100,43692.92188,6783344
2018-11-15,null,null,null,null,null,null
2018-11-16,44600,44750,43700,44000,43593.84375,7777124
2018-11-19,44050,44250,43450,43650,43247.07422,7538720
2018-11-20,42450,43000,42100,42800,42404.92188,9420664
2018-11-21,41800,42300,41800,42100,41711.38281,10769589
2018-11-22,42000,42650,42000,42450,42058.15234,5970796
2018-11-23,42450,42600,41900,42400,42008.61328,5192638
2018-11-26,42150,42800,42100,42600,42206.76953,6613009
2018-11-27,42900,43100,42500,43050,42652.61328,8367091
2018-11-28,42800,43200,42750,43150,42751.69141,6943099
2018-11-29,43850,43850,42900,43150,42751.69141,8473511
2018-11-30,43450,44000,41750,41850,41463.69141,19775519
2018-12-03,42750,43400,42400,43250,42850.76953,12110702
2018-12-04,42650,42900,41900,42150,41760.92188,14347746
2018-12-05,40900,41750,40850,41450,41067.38281,12631983
2018-12-06,40600,41100,40450,40500,40126.15234,14251826
2018-12-07,40900,41400,40850,40950,40572,11433083
2018-12-10,40450,40650,40000,40200,39828.92188,14892263
2018-12-11,40600,40700,40200,40250,39878.46094,10638766
2018-12-12,40250,40700,40150,40450,40076.61328,12024279
2018-12-13,40650,40750,40000,40000,39630.76953,26254646
2018-12-14,40200,40200,38700,38950,38590.46094,19671783
2018-12-17,38650,39600,38650,39150,38788.61328,11532968
2018-12-18,38300,39200,38300,38900,38540.92188,11042101
2018-12-19,38900,39350,38850,39100,38739.07422,9942037
2018-12-20,38600,39100,38500,38650,38293.23047,11937617
2018-12-21,38200,38650,38100,38650,38293.23047,14947080
2018-12-24,38500,39050,38300,38800,38441.84375,9729530
2018-12-26,38400,38750,38300,38350,37996,12707675
2018-12-27,38700,38800,38100,38250,38250,10510643
2018-12-28,38250,38900,38200,38700,38700,9900267
2019-01-02,39400,39400,38550,38750,38750,7847664
2019-01-03,38300,38550,37450,37600,37600,12471493
2019-01-04,37450,37600,36850,37450,37450,14108958
2019-01-07,38000,38900,37800,38750,38750,12748997
2019-01-08,38000,39200,37950,38100,38100,12756554
2019-01-09,38650,39600,38300,39600,39600,17452708
2019-01-10,40000,40150,39600,39800,39800,14731699
2019-01-11,40350,40550,39950,40500,40500,11661063
2019-01-14,40450,40700,39850,40050,40050,11984996
2019-01-15,40050,41100,39850,41100,41100,11492756
2019-01-16,41150,41450,40700,41450,41450,8491595
2019-01-17,41700,42100,41450,41950,41950,11736903
2019-01-18,42000,42400,41950,42300,42300,11029256
2019-01-21,42700,42750,41900,42750,42750,11355701
2019-01-22,42750,42850,41850,42150,42150,9964356
2019-01-23,41350,42250,41350,42000,42000,11071079
2019-01-24,43050,43100,42350,43050,43050,14747623
2019-01-25,44300,44750,43750,44750,44750,22789395
2019-01-28,45000,45500,44600,45050,45050,17998914
2019-01-29,45050,45500,44350,45500,45500,16215017
2019-01-30,44800,46400,44800,46400,46400,17505980
2019-01-31,46650,47050,46150,46150,46150,21621145
2019-02-01,46650,46950,46250,46350,46350,13832454
2019-02-07,46800,47100,46200,46200,46200,15872001
2019-02-08,45700,45700,44650,44800,44800,12689196
2019-02-11,44500,45000,44250,45000,45000,11125044
2019-02-12,44650,46250,44650,46050,46050,13184367
2019-02-13,46400,46700,46000,46200,46200,11299738
2019-02-14,46600,47500,46150,47500,47500,17259341
2019-02-15,46750,46850,45650,46050,46050,10554643
2019-02-18,46500,46850,45850,46200,46200,8183728
2019-02-19,45850,46150,45450,45950,45950,6741395
2019-02-20,46750,47100,46500,46900,46900,11506720
2019-02-21,46500,47200,46200,46950,46950,8694009
2019-02-22,46500,47150,46450,47150,47150,6895772
2019-02-25,47400,47550,47050,47350,47350,7484716
2019-02-26,47350,47450,46500,46750,46750,7985547
2019-02-27,47000,47250,46750,46750,46750,8045211
2019-02-28,46400,46500,45100,45100,45100,23569321
2019-03-04,46000,46100,44800,44850,44850,12926539
2019-03-05,44600,45100,44150,44250,44250,10612405
2019-03-06,44000,44300,43700,44000,44000,10202544
2019-03-07,43400,44950,43400,44450,44450,11049749
2019-03-08,44450,44800,43800,43800,43800,7729069
2019-03-11,44400,44450,43650,43650,43650,10717408
2019-03-12,44300,44950,44150,44650,44650,11431977
2019-03-13,44250,44450,43700,43850,43850,8108343
2019-03-14,43700,44300,43550,43850,43850,18039161
2019-03-15,43800,44250,43700,44200,44200,16814163
2019-03-18,43950,44150,43450,43700,43700,8188876
2019-03-19,43750,43900,43550,43900,43900,7609563
2019-03-20,43800,44200,43100,44050,44050,9846242
2019-03-21,44600,46250,44050,45850,45850,21138016
2019-03-22,46850,47000,46250,46550,46550,12535911
2019-03-25,45300,45650,44800,45500,45500,8699728
2019-03-26,45500,45700,44900,45250,45250,9729811
2019-03-27,44750,45600,44250,45350,45350,9568081
2019-03-28,44950,45200,44300,44850,44850,6821306
2019-03-29,44500,44900,44200,44650,44650,11491713
2019-04-01,45200,45450,44850,45050,45050,7362129
2019-04-02,45550,46100,45350,45750,45750,9480688
2019-04-03,46750,46750,45800,46600,46600,12436570
2019-04-04,46150,47100,46150,46950,46950,12650168
2019-04-05,46950,47550,46600,46850,46850,8546339
2019-04-08,47250,47250,46150,46650,46650,8507909
2019-04-09,46700,46950,46200,46650,46650,6878761
2019-04-10,46400,46700,46050,46700,46700,11883995
2019-04-11,46700,46800,46150,46250,46250,13697399
2019-04-12,46050,46900,46000,46850,46850,7668936
2019-04-15,47150,47500,47000,47050,47050,8733019
2019-04-16,47400,47400,46800,47250,47250,7730881
2019-04-17,47300,47600,47000,47050,47050,5513658
2019-04-18,47200,47250,45500,45600,45600,12808747
2019-04-19,45750,46000,45250,45300,45300,8479710
2019-04-22,45400,45900,45100,45350,45350,6006957
2019-04-23,45050,45500,45000,45200,45200,6920566
2019-04-24,45400,45650,44150,44750,44750,13299267
2019-04-25,44250,45000,44100,44650,44650,10868965
2019-04-26,44200,45000,43800,44850,44850,9739982
2019-04-29,45150,46150,45100,46150,46150,8777517
2019-04-30,46000,46300,45350,45850,45850,11121273
2019-05-02,45500,46150,45400,45900,45900,8625126
2019-05-03,45900,46050,45300,45300,45300,6562916
2019-05-07,45250,45300,44400,44850,44850,12014907
2019-05-08,44300,44850,44200,44250,44250,10398754
2019-05-09,43900,44250,42450,42450,42450,23029718
2019-05-10,42600,43450,42450,42900,42900,14579512
2019-05-13,42500,43200,42350,42650,42650,7635079
2019-05-14,41300,43100,41300,42650,42650,11563730
2019-05-15,42700,43050,42550,42550,42550,7670185
2019-05-16,42350,42400,41350,41550,41550,13687828
2019-05-17,41950,42050,40850,41200,41200,13357951
2019-05-20,41650,42100,41550,42000,42000,15752397
2019-05-21,42600,43950,42350,43150,43150,18812133
2019-05-22,43700,43800,42400,43500,43500,11033339
2019-05-23,43900,44000,43250,43850,43850,12259006
2019-05-24,43800,43800,42400,42700,42700,13966305
2019-05-27,42500,43000,42350,42650,42650,8066669
2019-05-28,42550,42950,42150,42550,42550,24506881
2019-05-29,41850,42100,41300,41800,41800,14930618
2019-05-30,42200,42700,42150,42550,42550,11766018
2019-05-31,42600,42800,42150,42500,42500,11365999
2019-06-03,42950,43900,42500,43800,43800,15466580
2019-06-04,43400,43700,43000,43450,43450,9913497
2019-06-05,44050,44200,43700,43900,43900,12464135
2019-06-07,43600,44350,43450,44200,44200,11683682
2019-06-10,44300,44850,44050,44800,44800,8792182
2019-06-11,44800,45000,44550,44850,44850,6664872
2019-06-12,44800,45050,44300,44600,44600,8607439
2019-06-13,44200,44400,43400,43750,43750,16906541
2019-06-14,43750,44150,43300,44000,44000,9322873
2019-06-17,43750,44050,43400,43900,43900,11890424
2019-06-18,43750,44500,43650,44350,44350,7994928
2019-06-19,45450,45450,45000,45350,45350,10417690
2019-06-20,44850,45500,44850,45500,45500,7147785
2019-06-21,45750,45800,45200,45700,45700,9454913
2019-06-24,45200,45800,45200,45500,45500,6085066
2019-06-25,45200,45800,45200,45600,45600,7076774
2019-06-26,45800,46000,45600,45700,45700,9226097
2019-06-27,46000,46600,45750,46500,46500,12603534
2019-06-28,47000,47000,46700,47000,47000,12949231
2019-07-01,47350,47400,46250,46600,46600,11383522
2019-07-02,46200,46900,45850,46250,46250,8463073
2019-07-03,45750,46350,45200,45400,45400,9669368
2019-07-04,45250,46200,45250,46000,46000,6365573
2019-07-05,45950,45950,45250,45650,45650,7235395
2019-07-08,44750,44800,44350,44400,44400,7823843
2019-07-09,44850,45450,44700,45100,45100,7646421
2019-07-10,45550,46150,45500,45550,45550,9253930
2019-07-11,46350,46550,46150,46200,46200,10989751
2019-07-12,46350,46400,45800,46300,46300,5245804
2019-07-15,45950,46650,45750,46450,46450,4717226
2019-07-16,46450,46850,46300,46850,46850,7407824
2019-07-17,46150,46350,45950,46050,46050,5216602
2019-07-18,46450,46450,45650,46100,46100,5143554
2019-07-19,46650,46950,46600,46800,46800,8819393
2019-07-22,46800,47300,46600,47200,47200,9009109
2019-07-23,47350,47550,47050,47300,47300,9061381
2019-07-24,47100,47150,46250,46400,46400,8756522
2019-07-25,47150,47200,46600,47200,47200,8408838
2019-07-26,46650,47150,46550,47150,47150,7873886
2019-07-29,46800,47050,46000,46100,46100,6856846
2019-07-30,46300,46850,46300,46550,46550,5551014
2019-07-31,46200,46600,45000,45350,45350,12872916
2019-08-01,44900,45500,44850,45200,45200,7811181
2019-08-02,44550,45500,44300,44950,44950,12151374
2019-08-05,44350,44600,43600,43950,43950,14214086
2019-08-06,42500,43800,42500,43500,43500,15083824
2019-08-07,43600,43900,43100,43200,43200,10002533
2019-08-08,43250,43500,42650,42650,42650,16926881
2019-08-09,43250,43350,43050,43150,43150,9685147
2019-08-12,44000,44000,43550,43700,43700,8466169
2019-08-13,43500,43500,42950,43000,43000,7276979
2019-08-14,43900,44250,43500,43700,43700,8750135
2019-08-16,43800,43900,43300,43900,43900,9528115
2019-08-19,44350,44350,43500,43600,43600,6014218
2019-08-20,43950,44600,43550,44450,44450,8434205
2019-08-21,44350,44800,44150,44500,44500,6571717
2019-08-22,44500,44700,43850,44050,44050,8061177
2019-08-23,43800,44200,43650,43950,43950,5017381
2019-08-26,43050,43800,42950,43600,43600,7954949
2019-08-27,43650,44200,43600,44050,44050,16883932
2019-08-28,44100,44400,43750,44150,44150,5758333
2019-08-29,44200,44200,43050,43400,43400,10768862
2019-08-30,43750,44300,43750,44000,44000,9899073
2019-09-02,44850,44850,43650,43800,43800,7185537
2019-09-03,43550,43650,43100,43250,43250,9774941
2019-09-04,43250,44100,43150,44100,44100,12441837
2019-09-05,44800,46100,44450,45700,45700,18297430
2019-09-06,46500,46500,45850,46300,46300,9896562
2019-09-09,46450,47000,46300,46900,46900,9434157
2019-09-10,47100,47200,46550,47000,47000,9231792
2019-09-11,47300,47400,46800,47150,47150,16141619
2019-09-16,47000,47100,46400,47100,47100,15550926
2019-09-17,47000,47100,46800,46900,46900,7006280
2019-09-18,46900,47700,46800,47700,47700,10413027
2019-09-19,48050,49200,47850,49150,49150,16461413
2019-09-20,49400,49600,49100,49200,49200,15460210
2019-09-23,49250,49300,49000,49300,49300,7568553
2019-09-24,49050,49650,48850,49500,49500,7871955
2019-09-25,49200,49350,48800,48900,48900,9187141
2019-09-26,49000,49250,48900,49200,49200,8494756
2019-09-27,48000,48700,48000,48400,48400,8048041
2019-09-30,48050,49250,47900,49050,49050,9497119
2019-10-01,48900,49100,48650,48850,48850,6206035
2019-10-02,48350,48400,47600,47600,47600,8382463
2019-10-04,47400,48650,47350,48000,48000,9331695
2019-10-07,48350,48700,47650,47750,47750,7047273
2019-10-08,47900,49000,47600,48900,48900,14239367
2019-10-10,48200,49200,48000,48550,48550,18639855
2019-10-11,49000,49450,48800,49150,49150,7783275
2019-10-14,50000,50300,49850,50000,50000,11130635
2019-10-15,49900,50200,49900,50100,50100,6058105
2019-10-16,50700,50900,50400,50700,50700,9136282
2019-10-17,50500,50600,50100,50500,50500,6701380
2019-10-18,50300,50900,49650,49900,49900,8483106
2019-10-21,49900,50400,49800,50300,50300,4406531
2019-10-22,50800,51500,50700,51200,51200,10898729
2019-10-23,51300,51500,50800,51200,51200,8663880
2019-10-24,52500,52500,50500,50700,50700,21185785
2019-10-25,50800,51200,50500,50900,50900,7879897
2019-10-28,50700,51500,50700,51300,51300,6431522
2019-10-29,51400,51700,50800,51100,51100,7581629
2019-10-30,50700,50800,50200,50400,50400,8959435
2019-10-31,51000,51400,50300,50400,50400,10304777
2019-11-01,50600,51200,50400,51200,51200,8467846
2019-11-04,51700,52300,51400,52300,52300,13012411
2019-11-05,52400,52700,52100,52700,52700,10581034
2019-11-06,52900,53500,52700,53300,53300,14361133
2019-11-07,53400,53400,52400,52900,52900,9257116
2019-11-08,53200,53300,52000,52100,52100,11603290
2019-11-11,52200,52200,51400,51600,51600,8185952
2019-11-12,51800,52600,51600,52600,52600,6576148
2019-11-13,52500,52500,52000,52500,52500,6225196
2019-11-14,null,null,null,null,null,null
2019-11-15,52900,53700,52600,53700,53700,9703360
2019-11-18,53600,53800,53200,53500,53500,7746554
2019-11-19,53200,53500,52700,53500,53500,8907177
2019-11-20,53400,53400,52000,52000,52000,12560070
2019-11-21,51600,52100,50600,51000,51000,14298646
2019-11-22,51000,51600,50900,51600,51600,8478310
2019-11-25,52200,52600,51700,51800,51800,9050625
2019-11-26,51900,52900,51800,51800,51800,27372226
2019-11-27,51800,52300,51600,52200,52200,7546261
2019-11-28,51900,52100,51300,51300,51300,6833885
2019-11-29,51200,51400,50200,50300,50300,11179334
2019-12-02,50900,51300,50400,50400,50400,18877252
2019-12-03,49800,50300,49500,49900,49900,12059812
2019-12-04,49600,49850,49000,49450,49450,13246549
2019-12-05,50200,50400,49500,49500,49500,10449715
2019-12-06,50100,50900,49950,50400,50400,11414563
2019-12-09,50900,51400,50700,51200,51200,8470627
2019-12-10,51000,51600,50700,51500,51500,6882771
2019-12-11,51500,52200,51400,51900,51900,11379521
2019-12-12,53000,53300,52700,53300,53300,29178697
2019-12-13,54500,54800,53900,54700,54700,18120261
2019-12-16,54500,54900,54300,54700,54700,11512405
2019-12-17,55800,56700,55400,56700,56700,19358433
2019-12-18,56700,57200,56000,56300,56300,15558208
2019-12-19,57000,57300,55500,56000,56000,14180520
2019-12-20,56100,56500,55600,56000,56000,12095519
2019-12-23,56100,56400,55100,55500,55500,9839252
2019-12-24,55600,55700,54800,55000,55000,11868463
2019-12-26,54700,55400,54400,55400,55400,9645034
2019-12-27,55700,56900,55500,56500,56500,12313056
2019-12-30,56200,56600,55700,55800,55800,8356767
2020-01-02,55500,56000,55000,55200,55200,12993228
2020-01-03,56000,56600,54900,55500,55500,15422255
2020-01-06,54900,55600,54600,55500,55500,10278951
2020-01-07,55700,56400,55600,55800,55800,10009778
2020-01-08,56200,57400,55900,56800,56800,23501171
2020-01-09,58400,58600,57400,58600,58600,24102579
2020-01-10,58800,59700,58300,59500,59500,16000170
2020-01-13,59600,60000,59100,60000,60000,11359139
2020-01-14,60400,61000,59900,60000,60000,16906295
2020-01-15,59500,59600,58900,59000,59000,14300928
2020-01-16,59100,60700,59000,60700,60700,14381774
2020-01-17,61900,62000,61000,61300,61300,16025661
2020-01-20,62000,62800,61700,62400,62400,12528855
2020-01-21,62000,62400,61200,61400,61400,11142693
2020-01-22,60500,62600,60400,62300,62300,15339565
2020-01-23,61800,61800,60700,60800,60800,14916555
2020-01-28,59400,59400,58300,58800,58800,23664541
2020-01-29,59100,59700,58800,59100,59100,16446102
2020-01-30,58800,58800,56800,57200,57200,20821939
2020-01-31,57800,58400,56400,56400,56400,19749457
2020-02-03,55500,57400,55200,57200,57200,23995260
2020-02-04,57100,59000,56800,58900,58900,21800192
2020-02-05,60000,60200,58900,59500,59500,19278165
2020-02-06,60100,61100,59700,61100,61100,14727159
2020-02-07,61100,61200,59700,60400,60400,16402493
2020-02-10,59200,59800,59100,59700,59700,13107121
2020-02-11,59800,60700,59700,59900,59900,11071231
2020-02-12,60300,60700,59700,60500,60500,12904207
2020-02-13,61200,61600,60500,60700,60700,18449775
2020-02-14,60900,61900,60200,61800,61800,13276067
2020-02-17,61600,62000,61200,61500,61500,8740596
2020-02-18,60800,60900,59700,59800,59800,16674266
2020-02-19,59800,60400,59400,60200,60200,12951496
2020-02-20,60700,61300,59600,60000,60000,14591924
2020-02-21,58800,59800,58500,59200,59200,13777393
2020-02-24,57400,58100,56800,56800,56800,25627537
2020-02-25,56200,58000,56200,57900,57900,23885408
2020-02-26,56000,57000,56000,56500,56500,25483102
2020-02-27,56300,56900,55500,55900,55900,23209541
2020-02-28,55000,55500,54200,54200,54200,30054227
2020-03-02,54300,55500,53600,55000,55000,30403412
2020-03-03,56700,56900,55100,55400,55400,30330295
2020-03-04,54800,57600,54600,57400,57400,24765728
2020-03-05,57600,58000,56700,57800,57800,21698990
2020-03-06,56500,57200,56200,56500,56500,18716656
2020-03-09,56500,56500,56500,56500,56500,0
2020-03-10,53800,54900,53700,54600,54600,32106554
2020-03-11,54300,54400,52000,52100,52100,45707281
2020-03-12,52100,52100,52100,52100,52100,0
2020-03-13,null,null,null,null,null,null
2020-03-16,null,null,null,null,null,null
2020-03-17,null,null,null,null,null,null
2020-03-18,null,null,null,null,null,null
2020-03-19,null,null,null,null,null,null
2020-03-20,null,null,null,null,null,null
2020-03-23,null,null,null,null,null,null
2020-03-24,null,null,null,null,null,null
2020-03-25,null,null,null,null,null,null
2020-03-26,null,null,null,null,null,null
2020-03-27,null,null,null,null,null,null
2020-03-30,null,null,null,null,null,null
2020-03-31,null,null,null,null,null,null
2020-04-01,null,null,null,null,null,null
2020-04-02,null,null,null,null,null,null
2020-04-03,47400,47600,46550,47000,47000,22429642
